time,accurate,cf_over_specified,cf_under_specified,cf_over_and_under_specified,errored,definder_version,audit_creation_version
1605810777.2290933,456,75,235,85,521,2.6.0,1
1605814385.8877432,764,144,404,157,839,2.6.0,1
1605817975.3431838,1079,215,572,229,1146,2.6.0,1
1605821559.999472,1382,311,767,342,1479,2.6.0,1
1605828787.8774624,1576,360,864,412,1727,2.6.0,1
