time,accurate,cf_over_specified,cf_under_specified,cf_over_and_under_specified
1605570520.5686755,2277.0,1350.0,939.0,942.0
1605575377.5375965,2276.0,1350.0,939.0,942.0
1605577706.7138884,2274.0,1350.0,939.0,942.0
1605581326.9866648,2274.0,1349.0,939.0,942.0
